config,model,scheme,criterion,n_subjects,n_hours,n_events_ref,macro_sensitivity,micro_sensitivity,micro_fa_per_day,pct_subjects_meeting_criterion,window_precision,window_recall,window_f1,window_specificity,window_tp,window_fp,window_tn,window_fn
Best-2,baseline_always_seizure,5fold,medication_titration,23,944.87,183,1.0,1.0,282.52642620359904,0.0,0.003245581129532789,1.0,0.006470162820709677,0.0,2760,847627,0,0
Best-2,baseline_never_seizure,5fold,medication_titration,23,944.87,183,0.0,0.0,0.0,0.0,,0.0,,1.0,0,0,847627,2760
Best-2,lr,5fold,medication_titration,23,944.87,183,0.32801932367149755,0.1912568306010929,9.880677856081995,4.3478260869565215,0.05246468722974921,0.06594202898550725,0.05843634612297319,0.9961221150340893,182,3287,844340,2578
Best-2,mlp,5fold,medication_titration,23,944.87,183,0.4814958592132505,0.3224043715846995,25.67960234575552,26.08695652173913,0.04437127626215114,0.10253623188405797,0.06193915517618735,0.992809337125882,283,6095,841532,2477
Best-2,rf,5fold,medication_titration,23,944.87,183,0.39189958592132507,0.22950819672131148,9.093271651612737,17.391304347826086,0.20209424083769634,0.06992753623188405,0.10390309555854642,0.9991010196702087,193,762,846865,2567
Best-2,baseline_always_seizure,5fold,realtime_alert,23,944.87,183,1.0,1.0,282.52642620359904,0.0,0.003245581129532789,1.0,0.006470162820709677,0.0,2760,847627,0,0
Best-2,baseline_never_seizure,5fold,realtime_alert,23,944.87,183,0.0,0.0,0.0,0.0,,0.0,,1.0,0,0,847627,2760
Best-2,lr,5fold,realtime_alert,23,944.87,183,0.30529100529100534,0.16939890710382513,8.432866447864326,4.3478260869565215,0.050878255602665054,0.06086956521739131,0.055427251732101626,0.996302618958575,168,3134,844493,2592
Best-2,mlp,5fold,realtime_alert,23,944.87,183,0.46700310559006214,0.31693989071038253,25.5272011448905,17.391304347826086,0.04388172381251966,0.10108695652173913,0.061197631059442856,0.9928282133532792,279,6079,841548,2481
Best-2,rf,5fold,realtime_alert,23,944.87,183,0.26953933747412007,0.15300546448087432,6.400850436330753,4.3478260869565215,0.15182481751824817,0.03768115942028986,0.06037735849056604,0.9993145569926395,104,581,847046,2656
Best-4,baseline_always_seizure,5fold,medication_titration,23,944.87,183,1.0,1.0,282.52642620359904,0.0,0.003245581129532789,1.0,0.006470162820709677,0.0,2760,847627,0,0
Best-4,baseline_never_seizure,5fold,medication_titration,23,944.87,183,0.0,0.0,0.0,0.0,,0.0,,1.0,0,0,847627,2760
Best-4,lr,5fold,medication_titration,23,944.87,183,0.21480331262939956,0.12568306010928962,13.512906476698255,4.3478260869565215,0.1005464480874317,0.1,0.10027247956403271,0.9970871621597708,276,2469,845158,2484
Best-4,mlp,5fold,medication_titration,23,944.87,183,0.5009834368530021,0.32786885245901637,35.763481802990874,17.391304347826086,0.037738972109575435,0.16521739130434782,0.06144310449370073,0.9862828815033028,456,11627,836000,2304
Best-4,rf,5fold,medication_titration,23,944.87,183,0.3495341614906832,0.20765027322404372,5.9944472340240385,17.391304347826086,0.37279151943462896,0.07644927536231884,0.12687913409500903,0.9995811837046248,211,355,847272,2549
Best-4,baseline_always_seizure,5fold,realtime_alert,23,944.87,183,1.0,1.0,282.52642620359904,0.0,0.003245581129532789,1.0,0.006470162820709677,0.0,2760,847627,0,0
Best-4,baseline_never_seizure,5fold,realtime_alert,23,944.87,183,0.0,0.0,0.0,0.0,,0.0,,1.0,0,0,847627,2760
Best-4,lr,5fold,realtime_alert,23,944.87,183,0.21480331262939956,0.12568306010928962,13.512906476698255,4.3478260869565215,0.1005464480874317,0.1,0.10027247956403271,0.9970871621597708,276,2469,845158,2484
Best-4,mlp,5fold,realtime_alert,23,944.87,183,0.5009834368530021,0.32786885245901637,35.763481802990874,8.695652173913043,0.037738972109575435,0.16521739130434782,0.06144310449370073,0.9862828815033028,456,11627,836000,2304
Best-4,rf,5fold,realtime_alert,23,944.87,183,0.2768374741200828,0.16939890710382513,3.65762882076043,13.043478260869565,0.375,0.04565217391304348,0.0813953488372093,0.9997522495154119,126,210,847417,2634
Best-7,baseline_always_seizure,5fold,medication_titration,23,944.87,183,1.0,1.0,282.52642620359904,0.0,0.003245581129532789,1.0,0.006470162820709677,0.0,2760,847627,0,0
Best-7,baseline_never_seizure,5fold,medication_titration,23,944.87,183,0.0,0.0,0.0,0.0,,0.0,,1.0,0,0,847627,2760
Best-7,lr,5fold,medication_titration,23,944.87,183,0.43852657004830914,0.26229508196721313,25.959004547341387,8.695652173913043,0.06350386674598453,0.15471014492753624,0.09004639392661323,0.9925710247549925,427,6297,841330,2333
Best-7,mlp,5fold,medication_titration,23,944.87,183,0.6723084886128364,0.5737704918032787,54.17862690751387,8.695652173913043,0.03313191315034822,0.23442028985507246,0.05805814788226848,0.9777248719071007,647,18881,828746,2113
Best-7,rf,5fold,medication_titration,23,944.87,183,0.3425983436853002,0.22404371584699453,4.521235625662198,17.391304347826086,0.4653679653679654,0.07789855072463768,0.1334574798261949,0.9997085982395558,215,247,847380,2545
Best-7,baseline_always_seizure,5fold,realtime_alert,23,944.87,183,1.0,1.0,282.52642620359904,0.0,0.003245581129532789,1.0,0.006470162820709677,0.0,2760,847627,0,0
Best-7,baseline_never_seizure,5fold,realtime_alert,23,944.87,183,0.0,0.0,0.0,0.0,,0.0,,1.0,0,0,847627,2760
Best-7,lr,5fold,realtime_alert,23,944.87,183,0.43852657004830914,0.26229508196721313,25.959004547341387,4.3478260869565215,0.06350386674598453,0.15471014492753624,0.09004639392661323,0.9925710247549925,427,6297,841330,2333
Best-7,mlp,5fold,realtime_alert,23,944.87,183,0.6723084886128364,0.5737704918032787,54.17862690751387,8.695652173913043,0.03313191315034822,0.23442028985507246,0.05805814788226848,0.9777248719071007,647,18881,828746,2113
Best-7,rf,5fold,realtime_alert,23,944.87,183,0.30636645962732917,0.19672131147540983,3.65762882076043,17.391304347826086,0.4108761329305136,0.04927536231884058,0.08799741184082821,0.9997699459785967,136,195,847432,2624
Full-18,baseline_always_seizure,5fold,medication_titration,23,944.87,183,1.0,1.0,282.52642620359904,0.0,0.003245581129532789,1.0,0.006470162820709677,0.0,2760,847627,0,0
Full-18,baseline_always_seizure,loo,medication_titration,23,944.87,183,1.0,1.0,282.52642620359904,0.0,0.003245581129532789,1.0,0.006470162820709677,0.0,2760,847627,0,0
Full-18,baseline_never_seizure,5fold,medication_titration,23,944.87,183,0.0,0.0,0.0,0.0,,0.0,,1.0,0,0,847627,2760
Full-18,baseline_never_seizure,loo,medication_titration,23,944.87,183,0.0,0.0,0.0,0.0,,0.0,,1.0,0,0,847627,2760
Full-18,lr,5fold,medication_titration,23,944.87,183,0.5507073844030366,0.41530054644808745,41.80872943730325,8.695652173913043,0.04632152588555858,0.16630434782608697,0.07246033625384797,0.9888512281935332,459,9450,838177,2301
Full-18,lr,loo,medication_titration,23,944.87,183,0.567167011732229,0.43169398907103823,32.74085798583469,8.695652173913043,0.08048005647723261,0.16521739130434782,0.10823641110847376,0.9938534284537892,456,5210,842417,2304
Full-18,mlp,5fold,medication_titration,23,944.87,183,0.7461438923395446,0.6666666666666666,56.71864692193084,17.391304347826086,0.046858500527983106,0.2572463768115942,0.07927646270656542,0.9829618452456093,710,14442,833185,2050
Full-18,mlp,loo,medication_titration,23,944.87,183,0.8222624798711756,0.7377049180327869,94.9967485391945,8.695652173913043,0.04542525773195876,0.2554347826086957,0.07713347921225382,0.9825217931944121,705,14815,832812,2055
Full-18,rf,5fold,medication_titration,23,944.87,183,0.38195307108350585,0.23497267759562843,4.140232623499654,26.08695652173913,0.46747967479674796,0.08333333333333333,0.14145141451414514,0.999690901776371,230,262,847365,2530
Full-18,rf,loo,medication_titration,23,944.87,183,0.5423654244306418,0.366120218579235,6.781853438493298,34.78260869565217,0.5095785440613027,0.14456521739130435,0.2252328535139712,0.9995469705424673,399,384,847243,2361
Full-18,baseline_always_seizure,5fold,realtime_alert,23,944.87,183,1.0,1.0,282.52642620359904,0.0,0.003245581129532789,1.0,0.006470162820709677,0.0,2760,847627,0,0
Full-18,baseline_always_seizure,loo,realtime_alert,23,944.87,183,1.0,1.0,282.52642620359904,0.0,0.003245581129532789,1.0,0.006470162820709677,0.0,2760,847627,0,0
Full-18,baseline_never_seizure,5fold,realtime_alert,23,944.87,183,0.0,0.0,0.0,0.0,,0.0,,1.0,0,0,847627,2760
Full-18,baseline_never_seizure,loo,realtime_alert,23,944.87,183,0.0,0.0,0.0,0.0,,0.0,,1.0,0,0,847627,2760
Full-18,lr,5fold,realtime_alert,23,944.87,183,0.5507073844030366,0.41530054644808745,41.80872943730325,0.0,0.04632152588555858,0.16630434782608697,0.07246033625384797,0.9888512281935332,459,9450,838177,2301
Full-18,lr,loo,realtime_alert,23,944.87,183,0.567167011732229,0.43169398907103823,32.613856985113834,4.3478260869565215,0.08045977011494253,0.16485507246376813,0.1081402257872846,0.9938652260959124,455,5200,842427,2305
Full-18,mlp,5fold,realtime_alert,23,944.87,183,0.7461438923395446,0.6666666666666666,56.71864692193084,8.695652173913043,0.046858500527983106,0.2572463768115942,0.07927646270656542,0.9829618452456093,710,14442,833185,2050
Full-18,mlp,loo,realtime_alert,23,944.87,183,0.8222624798711756,0.7377049180327869,94.9967485391945,4.3478260869565215,0.04542525773195876,0.2554347826086957,0.07713347921225382,0.9825217931944121,705,14815,832812,2055
Full-18,rf,5fold,realtime_alert,23,944.87,183,0.2854037267080745,0.16939890710382513,1.7526138099477062,17.391304347826086,0.5427350427350427,0.04601449275362319,0.08483633934535738,0.9998737652292813,127,107,847520,2633
Full-18,rf,loo,realtime_alert,23,944.87,183,0.49177018633540376,0.30601092896174864,3.9878314226346356,17.391304347826086,0.5645472061657033,0.10615942028985507,0.17871302226288505,0.9997333732880147,293,226,847401,2467
Glass-2,baseline_always_seizure,5fold,medication_titration,23,945.45,183,1.0,1.0,282.5060788076723,0.0,0.0032435977139687417,1.0,0.006466221606317218,0.0,2760,848147,0,0
Glass-2,baseline_always_seizure,loo,medication_titration,23,945.45,183,1.0,1.0,282.5060788076723,0.0,0.0032435977139687417,1.0,0.006466221606317218,0.0,2760,848147,0,0
Glass-2,baseline_never_seizure,5fold,medication_titration,23,945.45,183,0.0,0.0,0.0,0.0,,0.0,,1.0,0,0,848147,2760
Glass-2,baseline_never_seizure,loo,medication_titration,23,945.45,183,0.0,0.0,0.0,0.0,,0.0,,1.0,0,0,848147,2760
Glass-2,lr,5fold,medication_titration,23,945.45,183,0.19492753623188405,0.12021857923497267,8.732329149954108,8.695652173913043,0.06876971608832808,0.07898550724637682,0.07352445193929175,0.9965194712709,218,2952,845195,2542
Glass-2,lr,loo,medication_titration,23,945.45,183,0.4264406487232574,0.31693989071038253,11.651567092525976,8.695652173913043,0.16963226571767498,0.1036231884057971,0.1286549707602339,0.9983493427436517,286,1400,846747,2474
Glass-2,mlp,5fold,medication_titration,23,945.45,183,0.5788302277432712,0.4371584699453552,23.785443062520347,26.08695652173913,0.06949053289088425,0.1289855072463768,0.09032094380312065,0.9943795120421342,356,4767,843380,2404
Glass-2,mlp,loo,medication_titration,23,945.45,183,0.6638745111571198,0.5191256830601093,29.776227014233047,13.043478260869565,0.1616294349540079,0.1782608695652174,0.16953824948311508,0.9969910876298567,492,2552,845595,2268
Glass-2,rf,5fold,medication_titration,23,945.45,183,0.3915919024614677,0.31693989071038253,6.396938795896614,21.73913043478261,0.2961608775137112,0.058695652173913045,0.0979739945570003,0.9995460692545042,162,385,847762,2598
Glass-2,rf,loo,medication_titration,23,945.45,183,0.3918737060041408,0.273224043715847,6.473092829181097,21.73913043478261,0.33070866141732286,0.06086956521739131,0.10281517747858017,0.9995991260948869,168,340,847807,2592
Glass-2,baseline_always_seizure,5fold,realtime_alert,23,945.45,183,1.0,1.0,282.5060788076723,0.0,0.0032435977139687417,1.0,0.006466221606317218,0.0,2760,848147,0,0
Glass-2,baseline_always_seizure,loo,realtime_alert,23,945.45,183,1.0,1.0,282.5060788076723,0.0,0.0032435977139687417,1.0,0.006466221606317218,0.0,2760,848147,0,0
Glass-2,baseline_never_seizure,5fold,realtime_alert,23,945.45,183,0.0,0.0,0.0,0.0,,0.0,,1.0,0,0,848147,2760
Glass-2,baseline_never_seizure,loo,realtime_alert,23,945.45,183,0.0,0.0,0.0,0.0,,0.0,,1.0,0,0,848147,2760
Glass-2,lr,5fold,realtime_alert,23,945.45,183,0.19492753623188405,0.12021857923497267,7.361556550833405,8.695652173913043,0.06721536351165981,0.07101449275362319,0.06906272022551092,0.9967930087590948,196,2720,845427,2564
Glass-2,lr,loo,realtime_alert,23,945.45,183,0.316243961352657,0.23497267759562843,8.63079043890813,13.043478260869565,0.14182692307692307,0.0641304347826087,0.08832335329341316,0.9987372471988936,177,1071,847076,2583
Glass-2,mlp,5fold,realtime_alert,23,945.45,183,0.5293823326432022,0.3879781420765027,23.328518862813446,21.73913043478261,0.061386138613861385,0.11231884057971014,0.0793854033290653,0.9944113461463637,310,4740,843407,2450
Glass-2,mlp,loo,realtime_alert,23,945.45,183,0.6530049459397285,0.4972677595628415,28.98930200362672,8.695652173913043,0.15516661056883205,0.16702898550724637,0.16087942767405342,0.9970406073475471,461,2510,845637,2299
Glass-2,rf,5fold,realtime_alert,23,945.45,183,0.3324591672417759,0.2568306010928962,4.772319419160966,8.695652173913043,0.28640776699029125,0.042753623188405795,0.07440100882723832,0.9996533619761668,118,294,847853,2642
Glass-2,rf,loo,realtime_alert,23,945.45,183,0.29981884057971014,0.20218579234972678,4.137702475123604,8.695652173913043,0.2996632996632997,0.0322463768115942,0.058227019954203464,0.9997547594933426,89,208,847939,2671
Glass-4,baseline_always_seizure,5fold,medication_titration,23,944.87,183,1.0,1.0,282.52642620359904,0.0,0.003245581129532789,1.0,0.006470162820709677,0.0,2760,847627,0,0
Glass-4,baseline_never_seizure,5fold,medication_titration,23,944.87,183,0.0,0.0,0.0,0.0,,0.0,,1.0,0,0,847627,2760
Glass-4,lr,5fold,medication_titration,23,944.87,183,0.30724637681159417,0.17486338797814208,15.925925490394373,8.695652173913043,0.05611446456516879,0.09094202898550724,0.06940412000553021,0.9950190354955658,251,4222,843405,2509
Glass-4,mlp,5fold,medication_titration,23,944.87,183,0.5391821946169771,0.40437158469945356,39.75131322562551,21.73913043478261,0.04466357308584687,0.1673913043478261,0.07051282051282051,0.9883415700538091,462,9882,837745,2298
Glass-4,rf,5fold,medication_titration,23,944.87,183,0.3777950310559007,0.24043715846994534,5.283241629987288,21.73913043478261,0.34104046242774566,0.0641304347826087,0.10795974382433669,0.999596520639385,177,342,847285,2583
Glass-4,baseline_always_seizure,5fold,realtime_alert,23,944.87,183,1.0,1.0,282.52642620359904,0.0,0.003245581129532789,1.0,0.006470162820709677,0.0,2760,847627,0,0
Glass-4,baseline_never_seizure,5fold,realtime_alert,23,944.87,183,0.0,0.0,0.0,0.0,,0.0,,1.0,0,0,847627,2760
Glass-4,lr,5fold,realtime_alert,23,944.87,183,0.2927536231884058,0.16939890710382513,15.41792148751098,0.0,0.054997717937015064,0.08731884057971015,0.06748809857182862,0.9951145963967641,241,4141,843486,2519
Glass-4,mlp,5fold,realtime_alert,23,944.87,183,0.5391821946169771,0.40437158469945356,39.75131322562551,13.043478260869565,0.04466357308584687,0.1673913043478261,0.07051282051282051,0.9883415700538091,462,9882,837745,2298
Glass-4,rf,5fold,realtime_alert,23,944.87,183,0.3239648033126294,0.19672131147540983,3.2004252181653765,4.3478260869565215,0.39570552147239263,0.04673913043478261,0.08360337005832794,0.999767586450172,129,197,847430,2631
Glass-7,baseline_always_seizure,5fold,medication_titration,23,916.87,179,1.0,1.0,282.490835388428,0.0,0.003309560886346698,1.0,0.006597287647539122,0.0,2731,822454,0,0
Glass-7,baseline_always_seizure,loo,medication_titration,23,916.87,179,1.0,1.0,282.490835388428,0.0,0.003309560886346698,1.0,0.006597287647539122,0.0,2731,822454,0,0
Glass-7,baseline_never_seizure,5fold,medication_titration,23,916.87,179,0.0,0.0,0.0,0.0,,0.0,,1.0,0,0,822454,2731
Glass-7,baseline_never_seizure,loo,medication_titration,23,916.87,179,0.0,0.0,0.0,0.0,,0.0,,1.0,0,0,822454,2731
Glass-7,lr,5fold,medication_titration,23,916.87,179,0.3746376811594203,0.2681564245810056,18.768155019783443,8.695652173913043,0.043965961835997935,0.12486268766019773,0.06503289787355773,0.9909842982099911,341,7415,815039,2390
Glass-7,lr,loo,medication_titration,23,916.87,179,0.5599378881987578,0.44692737430167595,18.13993225761496,21.73913043478261,0.16858389527965092,0.15562065177590625,0.16184310738766183,0.9974515292040649,425,2096,820358,2306
Glass-7,mlp,5fold,medication_titration,23,916.87,179,0.6115481941568898,0.44692737430167595,22.851602973878585,21.73913043478261,0.15792079207920792,0.23361406078359576,0.18845074582779503,0.9958635984504909,638,3402,819052,2093
Glass-7,mlp,loo,medication_titration,23,916.87,179,0.7250805152979065,0.6033519553072626,55.676242297181844,8.695652173913043,0.09921740283857275,0.273892347125595,0.14566699123661148,0.9917430032561092,748,6791,815663,1983
Glass-7,rf,5fold,medication_titration,23,916.87,179,0.5452380952380952,0.3854748603351955,5.601652962668977,21.73913043478261,0.5862068965517241,0.19919443427316003,0.2973490024596884,0.9995331045870043,544,384,822070,2187
Glass-7,rf,loo,medication_titration,23,916.87,179,0.596195652173913,0.4245810055865922,6.858098487005944,39.130434782608695,0.5236406619385343,0.16221164408641522,0.24769359798714005,0.9995100029910488,443,403,822051,2288
Glass-7,baseline_always_seizure,5fold,realtime_alert,23,916.87,179,1.0,1.0,282.490835388428,0.0,0.003309560886346698,1.0,0.006597287647539122,0.0,2731,822454,0,0
Glass-7,baseline_always_seizure,loo,realtime_alert,23,916.87,179,1.0,1.0,282.490835388428,0.0,0.003309560886346698,1.0,0.006597287647539122,0.0,2731,822454,0,0
Glass-7,baseline_never_seizure,5fold,realtime_alert,23,916.87,179,0.0,0.0,0.0,0.0,,0.0,,1.0,0,0,822454,2731
Glass-7,baseline_never_seizure,loo,realtime_alert,23,916.87,179,0.0,0.0,0.0,0.0,,0.0,,1.0,0,0,822454,2731
Glass-7,lr,5fold,realtime_alert,23,916.87,179,0.3234989648033126,0.24022346368715083,18.035228463920213,4.3478260869565215,0.03824343927205592,0.10618820944708898,0.05623424471592011,0.9911326347734949,290,7293,815161,2441
Glass-7,lr,loo,realtime_alert,23,916.87,179,0.5285973084886129,0.41899441340782123,17.825820876530717,17.391304347826086,0.1556642216788916,0.13987550347857927,0.14734811957569915,0.9974807101673772,382,2072,820382,2349
Glass-7,mlp,5fold,realtime_alert,23,916.87,179,0.6115481941568898,0.44692737430167595,22.851602973878585,17.391304347826086,0.15792079207920792,0.23361406078359576,0.18845074582779503,0.9958635984504909,638,3402,819052,2093
Glass-7,mlp,loo,realtime_alert,23,916.87,179,0.7250805152979065,0.6033519553072626,55.676242297181844,8.695652173913043,0.09838024429102496,0.27132918344928597,0.1444022215726396,0.9917430032561092,741,6791,815663,1990
Glass-7,rf,5fold,realtime_alert,23,916.87,179,0.4657349896480331,0.329608938547486,2.015548028623884,30.434782608695652,0.7274633123689728,0.12705968509703405,0.2163341645885287,0.9998419364487254,347,130,822324,2384
Glass-7,rf,loo,realtime_alert,23,916.87,179,0.5240424430641822,0.3463687150837989,4.3190314899083235,30.434782608695652,0.5232974910394266,0.10692054192603442,0.1775615688659167,0.9996765776566228,292,266,822188,2439
