threshold,recorded_hours,tp_szcore,fp_szcore,ref_true_szcore,sens_szcore,fa_per_day_szcore,tp_ali,fp_ali,ref_true_ali,sens_ali,fa_per_day_ali,config,n_subjects
0.0005,944.8744444444444,183,11135,183,1.0,282.8312286053291,183,16014,183,1.0,406.7588051087328,Full-18,23
0.00075,944.8744444444444,183,11135,183,1.0,282.8312286053291,183,16014,183,1.0,406.7588051087328,Full-18,23
0.00113,944.8744444444444,183,11135,183,1.0,282.8312286053291,183,16014,183,1.0,406.7588051087328,Full-18,23
0.00171,944.8744444444444,183,11135,183,1.0,282.8312286053291,183,16014,183,1.0,406.7588051087328,Full-18,23
0.00258,944.8744444444444,183,11135,183,1.0,282.8312286053291,183,16014,183,1.0,406.7588051087328,Full-18,23
0.00388,944.8744444444444,183,11218,183,1.0,284.9394452172952,182,18270,183,0.994535519125683,464.06165663397957,Full-18,23
0.00585,944.8744444444444,183,11218,183,1.0,284.9394452172952,182,18270,183,0.994535519125683,464.06165663397957,Full-18,23
0.00881,944.8744444444444,183,11265,183,1.0,286.1332546240711,181,19573,183,0.9890710382513661,497.1581174218326,Full-18,23
0.01327,944.8744444444444,183,11269,183,1.0,286.23485542464783,181,20315,183,0.9890710382513661,516.0050659288065,Full-18,23
0.02,944.8744444444444,183,11168,183,1.0,283.6694352100867,180,21193,183,0.9836065573770492,538.3064416553875,Full-18,23
0.05111,944.8744444444444,182,10833,183,0.994535519125683,275.16036816178985,170,17842,183,0.9289617486338798,453.190370972275,Full-18,23
0.08222,944.8744444444444,181,9953,183,0.9890710382513661,252.80819203492058,154,13930,183,0.8415300546448088,353.8247880082833,Full-18,23
0.11333,944.8744444444444,180,8700,183,0.9836065573770492,220.981741254276,122,11111,183,0.6666666666666666,282.22162380186904,Full-18,23
0.14444,944.8744444444444,172,7387,183,0.9398907103825137,187.63127846498122,99,9091,183,0.5409836065573771,230.91321951064631,Full-18,23
0.17556,944.8744444444444,161,6290,183,0.8797814207650273,159.76725890682712,88,7739,183,0.4808743169398907,196.57214891572895,Full-18,23
0.20667,944.8744444444444,156,5208,183,0.8524590163934426,132.28424235083557,80,6598,183,0.4371584699453552,167.59052055123138,Full-18,23
0.23778,944.8744444444444,144,4474,183,0.7868852459016393,113.64049544501503,70,5841,183,0.3825136612021858,148.36256904209495,Full-18,23
0.26889,944.8744444444444,132,3861,183,0.7213114754098361,98.07017275663904,63,5237,183,0.3442622950819672,133.02084815501647,Full-18,23
0.3,944.8744444444444,125,3466,183,0.6830601092896175,88.03709369969202,58,4740,183,0.31693989071038253,120.39694868336416,Full-18,23
0.37143,944.8744444444444,104,2717,183,0.5683060109289617,69.01234379170894,42,3450,183,0.22950819672131148,87.6306904973853,Full-18,23
0.44286,944.8744444444444,88,2286,183,0.4808743169398907,58.06485752957183,34,2476,183,0.18579234972677597,62.89089555696406,Full-18,23
0.51429,944.8744444444444,81,1861,183,0.4426229508196721,47.26977246829973,30,1970,183,0.16393442622950818,50.03839428401422,Full-18,23
0.58571,944.8744444444444,68,1461,183,0.37158469945355194,37.109692410631865,25,1887,183,0.1366120218579235,47.93017767204814,Full-18,23
0.65714,944.8744444444444,63,1141,183,0.3442622950819672,28.981628364497574,20,1962,183,0.1092896174863388,49.835192682860864,Full-18,23
0.72857,944.8744444444444,57,894,183,0.3114754098360656,22.70777892888767,16,1563,183,0.08743169398907104,39.70051282533717,Full-18,23
0.8,944.8744444444444,55,700,183,0.3005464480874317,17.780140100918757,13,732,183,0.07103825136612021,18.592946505532186,Full-18,23
0.85355,944.8744444444444,48,544,183,0.26229508196721313,13.817708878428292,9,238,183,0.04918032786885246,6.0452476343123775,Full-18,23
0.89277,944.8744444444444,43,390,183,0.23497267759562843,9.906078056226166,7,104,183,0.03825136612021858,2.641620814993644,Full-18,23
0.92148,944.8744444444444,37,246,183,0.20218579234972678,6.248449235465735,5,51,183,0.0273224043715847,1.2954102073526523,Full-18,23
0.94251,944.8744444444444,35,140,183,0.1912568306010929,3.5560280201837515,3,39,183,0.01639344262295082,0.9906078056226165,Full-18,23
0.9579,944.8744444444444,30,69,183,0.16393442622950818,1.7526138099477062,2,27,183,0.01092896174863388,0.6858054038925807,Full-18,23
0.96918,944.8744444444444,26,44,183,0.14207650273224043,1.1176088063434648,1,17,183,0.00546448087431694,0.4318034024508841,Full-18,23
0.97743,944.8744444444444,23,28,183,0.12568306010928962,0.7112056040367503,1,11,183,0.00546448087431694,0.2794022015858662,Full-18,23
0.98347,944.8744444444444,21,14,183,0.11475409836065574,0.35560280201837513,1,8,183,0.00546448087431694,0.20320160115335723,Full-18,23
0.9879,944.8744444444444,16,11,183,0.08743169398907104,0.2794022015858662,1,6,183,0.00546448087431694,0.15240120086501793,Full-18,23
0.99114,944.8744444444444,14,4,183,0.07650273224043716,0.10160080057667861,1,5,183,0.00546448087431694,0.12700100072084827,Full-18,23
0.99351,944.8744444444444,9,3,183,0.04918032786885246,0.07620060043250897,1,4,183,0.00546448087431694,0.10160080057667861,Full-18,23
0.99525,944.8744444444444,9,3,183,0.04918032786885246,0.07620060043250897,1,4,183,0.00546448087431694,0.10160080057667861,Full-18,23
0.99652,944.8744444444444,9,3,183,0.04918032786885246,0.07620060043250897,1,4,183,0.00546448087431694,0.10160080057667861,Full-18,23
0.99745,944.8744444444444,6,1,183,0.03278688524590164,0.025400200144169653,0,4,183,0.0,0.10160080057667861,Full-18,23
0.99813,944.8744444444444,6,1,183,0.03278688524590164,0.025400200144169653,0,4,183,0.0,0.10160080057667861,Full-18,23
0.99863,944.8744444444444,6,1,183,0.03278688524590164,0.025400200144169653,0,4,183,0.0,0.10160080057667861,Full-18,23
0.999,944.8744444444444,6,1,183,0.03278688524590164,0.025400200144169653,0,4,183,0.0,0.10160080057667861,Full-18,23
0.0005,944.8744444444444,183,11170,183,1.0,283.720235610375,183,17009,183,1.0,432.03200425218165,Best-7,23
0.00075,944.8744444444444,183,11170,183,1.0,283.720235610375,183,17009,183,1.0,432.03200425218165,Best-7,23
0.00113,944.8744444444444,183,11170,183,1.0,283.720235610375,183,17009,183,1.0,432.03200425218165,Best-7,23
0.00171,944.8744444444444,183,11170,183,1.0,283.720235610375,183,17009,183,1.0,432.03200425218165,Best-7,23
0.00258,944.8744444444444,183,11170,183,1.0,283.720235610375,183,17009,183,1.0,432.03200425218165,Best-7,23
0.00388,944.8744444444444,183,11235,183,1.0,285.37124861974604,183,18784,183,1.0,477.11735950808276,Best-7,23
0.00585,944.8744444444444,183,11235,183,1.0,285.37124861974604,183,18784,183,1.0,477.11735950808276,Best-7,23
0.00881,944.8744444444444,183,11249,183,1.0,285.7268514217644,181,19704,183,0.9890710382513661,500.48554364071884,Best-7,23
0.01327,944.8744444444444,183,11243,183,1.0,285.5744502208994,180,20512,183,0.9836065573770492,521.0089053572079,Best-7,23
0.02,944.8744444444444,183,11172,183,1.0,283.77103601066335,178,21492,183,0.9726775956284153,545.9011014984942,Best-7,23
0.05111,944.8744444444444,181,10885,183,0.9890710382513661,276.48117856928667,164,18712,183,0.8961748633879781,475.2885450977026,Best-7,23
0.08222,944.8744444444444,181,10197,183,0.9890710382513661,259.005840870098,134,14555,183,0.73224043715847,369.6999130983893,Best-7,23
0.11333,944.8744444444444,179,9173,183,0.9781420765027322,232.99603592246822,109,11406,183,0.5956284153005464,289.7146828443991,Best-7,23
0.14444,944.8744444444444,174,8023,183,0.9508196721311475,203.78580575667314,92,9020,183,0.5027322404371585,229.10980530041027,Best-7,23
0.17556,944.8744444444444,161,7019,183,0.8797814207650273,178.2840048119268,79,7861,183,0.43169398907103823,199.67097333331765,Best-7,23
0.20667,944.8744444444444,149,6026,183,0.8142076502732241,153.06160606876634,75,6825,183,0.4098360655737705,173.3563659839579,Best-7,23
0.23778,944.8744444444444,138,5255,183,0.7540983606557377,133.47805175761152,73,6126,183,0.3989071038251366,155.6016260831833,Best-7,23
0.26889,944.8744444444444,131,4620,183,0.7158469945355191,117.3489246660638,65,5500,183,0.3551912568306011,139.7011007929331,Best-7,23
0.3,944.8744444444444,126,4170,183,0.6885245901639344,105.91883460118746,63,4990,183,0.3442622950819672,126.74699871940658,Best-7,23
0.37143,944.8744444444444,110,3273,183,0.6010928961748634,83.13485507186728,48,4067,183,0.26229508196721313,103.30261398633799,Best-7,23
0.44286,944.8744444444444,99,2717,183,0.5409836065573771,69.01234379170894,43,3399,183,0.23497267759562843,86.33528029003266,Best-7,23
0.51429,944.8744444444444,89,2290,183,0.48633879781420764,58.16645833014851,37,2784,183,0.20218579234972678,70.71415720136832,Best-7,23
0.58571,944.8744444444444,82,1903,183,0.44808743169398907,48.33658087435485,34,2326,183,0.18579234972677597,59.08086553533862,Best-7,23
0.65714,944.8744444444444,75,1556,183,0.4098360655737705,39.52271142432798,27,2061,183,0.14754098360655737,52.349812497133655,Best-7,23
0.72857,944.8744444444444,69,1225,183,0.3770491803278688,31.115245176607825,24,1935,183,0.13114754098360656,49.149387278968284,Best-7,23
0.8,944.8744444444444,67,981,183,0.366120218579235,24.917596341430432,20,1919,183,0.1092896174863388,48.742984076661564,Best-7,23
0.85355,944.8744444444444,65,825,183,0.3551912568306011,20.955165118939963,14,1534,183,0.07650273224043716,38.96390702115625,Best-7,23
0.89277,944.8744444444444,57,718,183,0.3114754098360656,18.23734370351381,13,920,183,0.07103825136612021,23.36818413263608,Best-7,23
0.92148,944.8744444444444,53,658,183,0.2896174863387978,16.713331694863633,10,365,183,0.0546448087431694,9.271073052621924,Best-7,23
0.94251,944.8744444444444,48,554,183,0.26229508196721313,14.071710879869988,7,163,183,0.03825136612021858,4.140232623499654,Best-7,23
0.9579,944.8744444444444,46,425,183,0.25136612021857924,10.795085061272102,6,74,183,0.03278688524590164,1.8796148106685544,Best-7,23
0.96918,944.8744444444444,41,324,183,0.22404371584699453,8.229664846710968,5,45,183,0.0273224043715847,1.1430090064876344,Best-7,23
0.97743,944.8744444444444,40,218,183,0.2185792349726776,5.537243631428985,5,20,183,0.0273224043715847,0.5080040028833931,Best-7,23
0.98347,944.8744444444444,34,128,183,0.18579234972677597,3.2512256184537156,4,16,183,0.02185792349726776,0.40640320230671445,Best-7,23
0.9879,944.8744444444444,31,82,183,0.16939890710382513,2.0828164118219115,3,11,183,0.01639344262295082,0.2794022015858662,Best-7,23
0.99114,944.8744444444444,27,50,183,0.14754098360655737,1.2700100072084828,2,11,183,0.01092896174863388,0.2794022015858662,Best-7,23
0.99351,944.8744444444444,23,18,183,0.12568306010928962,0.45720360259505377,2,8,183,0.01092896174863388,0.20320160115335723,Best-7,23
0.99525,944.8744444444444,23,18,183,0.12568306010928962,0.45720360259505377,2,8,183,0.01092896174863388,0.20320160115335723,Best-7,23
0.99652,944.8744444444444,23,18,183,0.12568306010928962,0.45720360259505377,2,8,183,0.01092896174863388,0.20320160115335723,Best-7,23
0.99745,944.8744444444444,20,7,183,0.1092896174863388,0.17780140100918757,0,6,183,0.0,0.15240120086501793,Best-7,23
0.99813,944.8744444444444,20,7,183,0.1092896174863388,0.17780140100918757,0,6,183,0.0,0.15240120086501793,Best-7,23
0.99863,944.8744444444444,20,7,183,0.1092896174863388,0.17780140100918757,0,6,183,0.0,0.15240120086501793,Best-7,23
0.999,944.8744444444444,20,7,183,0.1092896174863388,0.17780140100918757,0,6,183,0.0,0.15240120086501793,Best-7,23
0.0005,916.8722222222223,179,10810,179,1.0,282.9620024600544,178,14133,179,0.994413407821229,369.94467907196565,Glass-7,23
0.00075,916.8722222222223,179,10810,179,1.0,282.9620024600544,178,14133,179,0.994413407821229,369.94467907196565,Glass-7,23
0.00113,916.8722222222223,179,10810,179,1.0,282.9620024600544,178,14133,179,0.994413407821229,369.94467907196565,Glass-7,23
0.00171,916.8722222222223,179,10810,179,1.0,282.9620024600544,178,14133,179,0.994413407821229,369.94467907196565,Glass-7,23
0.00258,916.8722222222223,179,10810,179,1.0,282.9620024600544,178,14133,179,0.994413407821229,369.94467907196565,Glass-7,23
0.00388,916.8722222222223,179,10851,179,1.0,284.03521634542557,178,16559,179,0.994413407821229,433.4475299478299,Glass-7,23
0.00585,916.8722222222223,179,10851,179,1.0,284.03521634542557,178,16559,179,0.994413407821229,433.4475299478299,Glass-7,23
0.00881,916.8722222222223,179,10852,179,1.0,284.0613922938492,178,18126,179,0.994413407821229,474.4652411277471,Glass-7,23
0.01327,916.8722222222223,179,10862,179,1.0,284.3231517780861,177,19233,179,0.9888268156424581,503.4420160327684,Glass-7,23
0.02,916.8722222222223,179,10865,179,1.0,284.40167962335715,177,21308,179,0.9888268156424581,557.7571090119185,Glass-7,23
0.05111,916.8722222222223,178,10787,179,0.994413407821229,282.35995564630963,160,20901,179,0.8938547486033519,547.103498003478,Glass-7,23
0.08222,916.8722222222223,177,10306,179,0.9888268156424581,269.76932445451627,134,16464,179,0.7486033519553073,430.9608148475796,Glass-7,23
0.11333,916.8722222222223,169,9329,179,0.9441340782122905,244.19542284457424,113,13066,179,0.6312849162011173,342.0149421038918,Glass-7,23
0.14444,916.8722222222223,157,8202,179,0.8770949720670391,214.6951289710792,97,10600,179,0.5418994413407822,277.46505329108015,Glass-7,23
0.17556,916.8722222222223,154,7209,179,0.8603351955307262,188.7024121863582,87,9397,179,0.4860335195530726,245.97538733738494,Glass-7,23
0.20667,916.8722222222223,143,6309,179,0.7988826815642458,165.14405860504007,80,7921,179,0.44692737430167595,207.3396874640232,Glass-7,23
0.23778,916.8722222222223,128,5530,179,0.7150837988826816,144.75299478298805,76,6979,179,0.4245810055865922,182.68194404891022,Glass-7,23
0.26889,916.8722222222223,121,4902,179,0.6759776536312849,128.31449917291275,67,6238,179,0.3743016759776536,163.2855662669583,Glass-7,23
0.3,916.8722222222223,116,4421,179,0.6480446927374302,115.72386798111938,65,5558,179,0.36312849162011174,145.48592133885128,Glass-7,23
0.37143,916.8722222222223,111,3516,179,0.6201117318435754,92.03463465768282,59,3815,179,0.329608938547486,99.86124323636517,Glass-7,23
0.44286,916.8722222222223,100,2889,179,0.5586592178770949,75.62231499603119,55,2509,179,0.30726256983240224,65.6754545950302,Glass-7,23
0.51429,916.8722222222223,94,2340,179,0.5251396648044693,61.25171931142713,49,1658,179,0.2737430167597765,43.399722486472726,Glass-7,23
0.58571,916.8722222222223,86,1827,179,0.48044692737430167,47.8234577700758,36,1146,179,0.2011173184357542,29.99763689354508,Glass-7,23
0.65714,916.8722222222223,83,1331,179,0.46368715083798884,34.84018735192714,32,739,179,0.1787709497206704,19.34402588510455,Glass-7,23
0.72857,916.8722222222223,82,921,179,0.4581005586592179,24.10804849821555,28,482,179,0.1564245810055866,12.616807140217041,Glass-7,23
0.8,916.8722222222223,78,568,179,0.43575418994413406,14.867938704654108,24,275,179,0.1340782122905028,7.1983858165138725,Glass-7,23
0.85355,916.8722222222223,76,352,179,0.4245810055865922,9.213933845137756,20,128,179,0.11173184357541899,3.3505213982319115,Glass-7,23
0.89277,916.8722222222223,69,220,179,0.3854748603351955,5.758708653211098,18,61,179,0.1005586592178771,1.5967328538448953,Glass-7,23
0.92148,916.8722222222223,62,131,179,0.3463687150837989,3.429049243502972,14,51,179,0.0782122905027933,1.3349733696080273,Glass-7,23
0.94251,916.8722222222223,60,79,179,0.33519553072625696,2.067899925471258,12,41,179,0.0670391061452514,1.0732138853711592,Glass-7,23
0.9579,916.8722222222223,53,50,179,0.29608938547486036,1.3087974211843405,9,38,179,0.05027932960893855,0.9946860401000988,Glass-7,23
0.96918,916.8722222222223,50,36,179,0.27932960893854747,0.9423341432527251,9,29,179,0.05027932960893855,0.7591025042869175,Glass-7,23
0.97743,916.8722222222223,43,25,179,0.24022346368715083,0.6543987105921703,8,23,179,0.0446927374301676,0.6020468137447966,Glass-7,23
0.98347,916.8722222222223,36,17,179,0.2011173184357542,0.44499112320267575,4,25,179,0.0223463687150838,0.6543987105921703,Glass-7,23
0.9879,916.8722222222223,32,10,179,0.1787709497206704,0.26175948423686807,3,21,179,0.01675977653631285,0.549694916897423,Glass-7,23
0.99114,916.8722222222223,30,8,179,0.16759776536312848,0.20940758738949447,3,16,179,0.01675977653631285,0.41881517477898894,Glass-7,23
0.99351,916.8722222222223,25,3,179,0.13966480446927373,0.07852784527106042,3,15,179,0.01675977653631285,0.39263922635530213,Glass-7,23
0.99525,916.8722222222223,25,3,179,0.13966480446927373,0.07852784527106042,3,15,179,0.01675977653631285,0.39263922635530213,Glass-7,23
0.99652,916.8722222222223,25,3,179,0.13966480446927373,0.07852784527106042,3,15,179,0.01675977653631285,0.39263922635530213,Glass-7,23
0.99745,916.8722222222223,18,3,179,0.1005586592178771,0.07852784527106042,3,8,179,0.01675977653631285,0.20940758738949447,Glass-7,23
0.99813,916.8722222222223,18,3,179,0.1005586592178771,0.07852784527106042,3,8,179,0.01675977653631285,0.20940758738949447,Glass-7,23
0.99863,916.8722222222223,18,3,179,0.1005586592178771,0.07852784527106042,3,8,179,0.01675977653631285,0.20940758738949447,Glass-7,23
0.999,916.8722222222223,18,3,179,0.1005586592178771,0.07852784527106042,3,8,179,0.01675977653631285,0.20940758738949447,Glass-7,23
0.0005,944.8744444444444,183,11222,183,1.0,285.04104601787185,182,17849,183,0.994535519125683,453.36817237328415,Best-4,23
0.00075,944.8744444444444,183,11222,183,1.0,285.04104601787185,182,17849,183,0.994535519125683,453.36817237328415,Best-4,23
0.00113,944.8744444444444,183,11222,183,1.0,285.04104601787185,182,17849,183,0.994535519125683,453.36817237328415,Best-4,23
0.00171,944.8744444444444,183,11222,183,1.0,285.04104601787185,182,17849,183,0.994535519125683,453.36817237328415,Best-4,23
0.00258,944.8744444444444,183,11222,183,1.0,285.04104601787185,182,17849,183,0.994535519125683,453.36817237328415,Best-4,23
0.00388,944.8744444444444,183,11291,183,1.0,286.79365982781957,180,18916,183,0.9836065573770492,480.47018592711316,Best-4,23
0.00585,944.8744444444444,183,11291,183,1.0,286.79365982781957,180,18916,183,0.9836065573770492,480.47018592711316,Best-4,23
0.00881,944.8744444444444,183,11260,183,1.0,286.0062536233503,180,19434,183,0.9836065573770492,493.62748960179306,Best-4,23
0.01327,944.8744444444444,183,11207,183,1.0,284.66004301570933,180,20017,183,0.9836065573770492,508.43580628584397,Best-4,23
0.02,944.8744444444444,183,11130,183,1.0,282.70422760460826,176,21198,183,0.9617486338797814,538.4334426561084,Best-4,23
0.05111,944.8744444444444,182,10783,183,0.994535519125683,273.8903581545814,150,18180,183,0.819672131147541,461.7756386210043,Best-4,23
0.08222,944.8744444444444,181,10329,183,0.9890710382513661,262.35866728912833,127,13825,183,0.6939890710382514,351.15776699314546,Best-4,23
0.11333,944.8744444444444,174,9464,183,0.9508196721311475,240.3874941644216,100,11454,183,0.546448087431694,290.9338924513192,Best-4,23
0.14444,944.8744444444444,163,8375,183,0.8907103825136612,212.72667620742087,86,9900,183,0.46994535519125685,251.46198142727957,Best-4,23
0.17556,944.8744444444444,152,7497,183,0.8306010928961749,190.4253004808399,77,8832,183,0.4207650273224044,224.3345676733064,Best-4,23
0.20667,944.8744444444444,142,6607,183,0.7759562841530054,167.8191223525289,72,8137,183,0.39344262295081966,206.68142857310846,Best-4,23
0.23778,944.8744444444444,135,5891,183,0.7377049180327869,149.63257904930344,66,7518,183,0.36065573770491804,190.95870468386747,Best-4,23
0.26889,944.8744444444444,125,5365,183,0.6830601092896175,136.2720737734702,61,6953,183,0.3333333333333333,176.60759160241162,Best-4,23
0.3,944.8744444444444,124,4891,183,0.6775956284153005,124.23237890513377,59,6502,183,0.3224043715846995,165.1521013373911,Best-4,23
0.37143,944.8744444444444,116,3981,183,0.6338797814207651,101.11819677393939,53,5285,183,0.2896174863387978,134.2400577619366,Best-4,23
0.44286,944.8744444444444,105,3390,183,0.5737704918032787,86.10667848873513,39,4172,183,0.21311475409836064,105.9696350014758,Best-4,23
0.51429,944.8744444444444,94,2849,183,0.5136612021857924,72.36517021073935,36,3333,183,0.19672131147540983,84.65886708051745,Best-4,23
0.58571,944.8744444444444,89,2366,183,0.48633879781420764,60.0968735411054,32,2838,183,0.17486338797814208,72.08576800915348,Best-4,23
0.65714,944.8744444444444,81,1889,183,0.4426229508196721,47.98097807233648,25,2478,183,0.1366120218579235,62.9416959572524,Best-4,23
0.72857,944.8744444444444,74,1492,183,0.40437158469945356,37.89709861510112,21,2227,183,0.11475409836065574,56.56624572106582,Best-4,23
0.8,944.8744444444444,64,1161,183,0.34972677595628415,29.489632367380967,20,2013,183,0.1092896174863388,51.13060289021352,Best-4,23
0.85355,944.8744444444444,59,904,183,0.3224043715846995,22.96178093032937,15,1619,183,0.08196721311475409,41.12292403341067,Best-4,23
0.89277,944.8744444444444,58,776,183,0.31693989071038253,19.710555311875652,14,1129,183,0.07650273224043716,28.676825962767538,Best-4,23
0.92148,944.8744444444444,51,682,183,0.2786885245901639,17.322936498323703,9,655,183,0.04918032786885246,16.637131094431123,Best-4,23
0.94251,944.8744444444444,49,623,183,0.2677595628415301,15.824324689817695,8,329,183,0.04371584699453552,8.356665847431817,Best-4,23
0.9579,944.8744444444444,42,532,183,0.22950819672131148,13.512906476698255,6,136,183,0.03278688524590164,3.454427219607073,Best-4,23
0.96918,944.8744444444444,39,428,183,0.21311475409836064,10.871285661704611,6,67,183,0.03278688524590164,1.701813409659367,Best-4,23
0.97743,944.8744444444444,32,257,183,0.17486338797814208,6.527851437051601,4,31,183,0.02185792349726776,0.7874062044692592,Best-4,23
0.98347,944.8744444444444,27,134,183,0.14754098360655737,3.403626819318734,3,16,183,0.01639344262295082,0.40640320230671445,Best-4,23
0.9879,944.8744444444444,26,93,183,0.14207650273224043,2.362218613407778,1,14,183,0.00546448087431694,0.35560280201837513,Best-4,23
0.99114,944.8744444444444,22,49,183,0.12021857923497267,1.244609807064313,1,10,183,0.00546448087431694,0.25400200144169655,Best-4,23
0.99351,944.8744444444444,16,29,183,0.08743169398907104,0.7366058041809199,1,5,183,0.00546448087431694,0.12700100072084827,Best-4,23
0.99525,944.8744444444444,16,29,183,0.08743169398907104,0.7366058041809199,1,5,183,0.00546448087431694,0.12700100072084827,Best-4,23
0.99652,944.8744444444444,16,29,183,0.08743169398907104,0.7366058041809199,1,5,183,0.00546448087431694,0.12700100072084827,Best-4,23
0.99745,944.8744444444444,12,11,183,0.06557377049180328,0.2794022015858662,0,6,183,0.0,0.15240120086501793,Best-4,23
0.99813,944.8744444444444,12,11,183,0.06557377049180328,0.2794022015858662,0,6,183,0.0,0.15240120086501793,Best-4,23
0.99863,944.8744444444444,12,11,183,0.06557377049180328,0.2794022015858662,0,6,183,0.0,0.15240120086501793,Best-4,23
0.999,944.8744444444444,12,11,183,0.06557377049180328,0.2794022015858662,0,6,183,0.0,0.15240120086501793,Best-4,23
0.0005,944.8744444444444,183,11134,183,1.0,282.8058284051849,182,15422,183,0.994535519125683,391.7218866233844,Glass-4,23
0.00075,944.8744444444444,183,11134,183,1.0,282.8058284051849,182,15422,183,0.994535519125683,391.7218866233844,Glass-4,23
0.00113,944.8744444444444,183,11134,183,1.0,282.8058284051849,182,15422,183,0.994535519125683,391.7218866233844,Glass-4,23
0.00171,944.8744444444444,183,11134,183,1.0,282.8058284051849,182,15422,183,0.994535519125683,391.7218866233844,Glass-4,23
0.00258,944.8744444444444,183,11134,183,1.0,282.8058284051849,182,15422,183,0.994535519125683,391.7218866233844,Glass-4,23
0.00388,944.8744444444444,183,11203,183,1.0,284.55844221513263,182,17247,183,0.994535519125683,438.077251886494,Glass-4,23
0.00585,944.8744444444444,183,11203,183,1.0,284.55844221513263,182,17247,183,0.994535519125683,438.077251886494,Glass-4,23
0.00881,944.8744444444444,183,11215,183,1.0,284.8632446168627,180,18332,183,0.9836065573770492,465.6364690429181,Glass-4,23
0.01327,944.8744444444444,183,11231,183,1.0,285.2696478191694,180,19408,183,0.9836065573770492,492.9670843980446,Glass-4,23
0.02,944.8744444444444,183,11219,183,1.0,284.96484541743934,177,21150,183,0.9672131147540983,537.2142330491882,Glass-4,23
0.05111,944.8744444444444,181,11083,183,0.9890710382513661,281.5104181978323,160,23107,183,0.8743169398907104,586.9224247313282,Glass-4,23
0.08222,944.8744444444444,180,10796,183,0.9836065573770492,274.2205607564556,134,18542,183,0.73224043715847,470.97051107319373,Glass-4,23
0.11333,944.8744444444444,177,10227,183,0.9672131147540983,259.76784687442307,110,14635,183,0.6010928961748634,371.7319291099229,Glass-4,23
0.14444,944.8744444444444,171,9374,183,0.9344262295081968,238.10147615144635,93,11971,183,0.5081967213114754,304.0657959258549,Glass-4,23
0.17556,944.8744444444444,163,8346,183,0.8907103825136612,211.99007040323994,82,10590,183,0.44808743169398907,268.98811952675663,Glass-4,23
0.20667,944.8744444444444,146,7315,183,0.7978142076502732,185.80246405460102,77,9162,183,0.4207650273224044,232.71663372088236,Glass-4,23
0.23778,944.8744444444444,135,6571,183,0.7377049180327869,166.9047151473388,69,7989,183,0.3770491803278688,202.92219895177138,Glass-4,23
0.26889,944.8744444444444,127,5919,183,0.6939890710382514,150.34378465334018,65,7104,183,0.3551912568306011,180.44302182418122,Glass-4,23
0.3,944.8744444444444,119,5357,183,0.6502732240437158,136.06887217231684,62,6272,183,0.33879781420765026,159.31005530423207,Glass-4,23
0.37143,944.8744444444444,108,4351,183,0.5901639344262295,110.51627082728217,48,5014,183,0.26229508196721313,127.35660352286665,Glass-4,23
0.44286,944.8744444444444,100,3634,183,0.546448087431694,92.30432732391252,41,4140,183,0.22404371584699453,105.15682859686237,Glass-4,23
0.51429,944.8744444444444,92,3020,183,0.5027322404371585,76.70860443539236,31,3426,183,0.16939890710382513,87.02108569392523,Glass-4,23
0.58571,944.8744444444444,86,2467,183,0.46994535519125685,62.66229375566654,28,2743,183,0.15300546448087432,69.67274899545735,Glass-4,23
0.65714,944.8744444444444,83,1968,183,0.453551912568306,49.98759388372588,23,1915,183,0.12568306010928962,48.64138327608489,Glass-4,23
0.72857,944.8744444444444,76,1461,183,0.41530054644808745,37.109692410631865,18,1110,183,0.09836065573770492,28.194222160028318,Glass-4,23
0.8,944.8744444444444,72,1035,183,0.39344262295081966,26.289207149215592,13,510,183,0.07103825136612021,12.954102073526524,Glass-4,23
0.85355,944.8744444444444,64,728,183,0.34972677595628415,18.49134570495551,9,194,183,0.04918032786885246,4.927638827968913,Glass-4,23
0.89277,944.8744444444444,58,512,183,0.31693989071038253,13.004902473814862,6,95,183,0.03278688524590164,2.413019013696117,Glass-4,23
0.92148,944.8744444444444,43,346,183,0.23497267759562843,8.7884692498827,5,61,183,0.0273224043715847,1.549412208794349,Glass-4,23
0.94251,944.8744444444444,34,217,183,0.18579234972677597,5.511843431284815,5,45,183,0.0273224043715847,1.1430090064876344,Glass-4,23
0.9579,944.8744444444444,24,131,183,0.13114754098360656,3.3274262188862247,3,41,183,0.01639344262295082,1.0414082059109557,Glass-4,23
0.96918,944.8744444444444,21,88,183,0.11475409836065574,2.2352176126869296,2,32,183,0.01092896174863388,0.8128064046134289,Glass-4,23
0.97743,944.8744444444444,18,52,183,0.09836065573770492,1.320810407496822,2,18,183,0.01092896174863388,0.45720360259505377,Glass-4,23
0.98347,944.8744444444444,16,33,183,0.08743169398907104,0.8382066047575986,1,18,183,0.00546448087431694,0.45720360259505377,Glass-4,23
0.9879,944.8744444444444,14,22,183,0.07650273224043716,0.5588044031717324,0,16,183,0.0,0.40640320230671445,Glass-4,23
0.99114,944.8744444444444,13,20,183,0.07103825136612021,0.5080040028833931,0,13,183,0.0,0.3302026018742055,Glass-4,23
0.99351,944.8744444444444,11,16,183,0.060109289617486336,0.40640320230671445,0,8,183,0.0,0.20320160115335723,Glass-4,23
0.99525,944.8744444444444,11,16,183,0.060109289617486336,0.40640320230671445,0,8,183,0.0,0.20320160115335723,Glass-4,23
0.99652,944.8744444444444,11,16,183,0.060109289617486336,0.40640320230671445,0,8,183,0.0,0.20320160115335723,Glass-4,23
0.99745,944.8744444444444,8,11,183,0.04371584699453552,0.2794022015858662,0,5,183,0.0,0.12700100072084827,Glass-4,23
0.99813,944.8744444444444,8,11,183,0.04371584699453552,0.2794022015858662,0,5,183,0.0,0.12700100072084827,Glass-4,23
0.99863,944.8744444444444,8,11,183,0.04371584699453552,0.2794022015858662,0,5,183,0.0,0.12700100072084827,Glass-4,23
0.999,944.8744444444444,8,11,183,0.04371584699453552,0.2794022015858662,0,5,183,0.0,0.12700100072084827,Glass-4,23
0.0005,944.8744444444444,183,11230,183,1.0,285.2442476190252,181,17416,183,0.9890710382513661,442.3698857108587,Best-2,23
0.00075,944.8744444444444,183,11230,183,1.0,285.2442476190252,181,17416,183,0.9890710382513661,442.3698857108587,Best-2,23
0.00113,944.8744444444444,183,11230,183,1.0,285.2442476190252,181,17416,183,0.9890710382513661,442.3698857108587,Best-2,23
0.00171,944.8744444444444,183,11230,183,1.0,285.2442476190252,181,17416,183,0.9890710382513661,442.3698857108587,Best-2,23
0.00258,944.8744444444444,183,11230,183,1.0,285.2442476190252,181,17416,183,0.9890710382513661,442.3698857108587,Best-2,23
0.00388,944.8744444444444,183,11266,183,1.0,286.1586548242153,174,19269,183,0.9508196721311475,489.43645657800505,Best-2,23
0.00585,944.8744444444444,183,11266,183,1.0,286.1586548242153,174,19269,183,0.9508196721311475,489.43645657800505,Best-2,23
0.00881,944.8744444444444,183,11276,183,1.0,286.412656825657,173,20085,183,0.9453551912568307,510.1630198956475,Best-2,23
0.01327,944.8744444444444,182,11308,183,0.994535519125683,287.22546323027046,168,20936,183,0.9180327868852459,531.7785902183359,Best-2,23
0.02,944.8744444444444,182,11298,183,0.994535519125683,286.97146122882873,163,21862,183,0.8907103825136612,555.2991755518369,Best-2,23
0.05111,944.8744444444444,182,10987,183,0.994535519125683,279.071998983992,130,20498,183,0.7103825136612022,520.6533025551896,Best-2,23
0.08222,944.8744444444444,179,10726,183,0.9781420765027322,272.4425467463637,107,17698,183,0.5846994535519126,449.5327421515145,Best-2,23
0.11333,944.8744444444444,173,10283,183,0.9453551912568307,261.19025808249654,100,15114,183,0.546448087431694,383.89862497898014,Best-2,23
0.14444,944.8744444444444,164,9647,183,0.8961748633879781,245.03573079080465,89,13469,183,0.48633879781420764,342.11529574182106,Best-2,23
0.17556,944.8744444444444,157,9009,183,0.8579234972677595,228.8304030988244,83,12492,183,0.453551912568306,317.2993002009673,Best-2,23
0.20667,944.8744444444444,152,8260,183,0.8306010928961749,209.80565319084135,75,11480,183,0.4098360655737705,291.59429765506763,Best-2,23
0.23778,944.8744444444444,146,7621,183,0.7978142076502732,193.57492529871692,66,10560,183,0.36065573770491804,268.22611352243155,Best-2,23
0.26889,944.8744444444444,141,7031,183,0.7704918032786885,178.58880721365685,60,9675,183,0.32786885245901637,245.7469363948414,Best-2,23
0.3,944.8744444444444,137,6529,183,0.7486338797814208,165.83790674128366,56,8786,183,0.30601092896174864,223.16615846667457,Best-2,23
0.37143,944.8744444444444,126,5543,183,0.6885245901639344,140.7933093991324,47,6654,183,0.2568306010928962,169.01293175930488,Best-2,23
0.44286,944.8744444444444,116,4704,183,0.6338797814207651,119.48254147817406,42,5026,183,0.22950819672131148,127.66140592459668,Best-2,23
0.51429,944.8744444444444,103,3803,183,0.5628415300546448,96.59696114827719,37,3704,183,0.20218579234972678,94.0823413340044,Best-2,23
0.58571,944.8744444444444,92,3052,183,0.5027322404371585,77.52141084000579,33,3024,183,0.18032786885245902,76.81020523596904,Best-2,23
0.65714,944.8744444444444,86,2333,183,0.46994535519125685,59.2586669363478,28,2536,183,0.15300546448087432,64.41490756561424,Best-2,23
0.72857,944.8744444444444,77,1762,183,0.4207650273224044,44.75515265402693,25,2270,183,0.1366120218579235,57.65845432726511,Best-2,23
0.8,944.8744444444444,71,1339,183,0.3879781420765027,34.01086799304316,21,1937,183,0.11475409836065574,49.20018767925662,Best-2,23
0.85355,944.8744444444444,63,1094,183,0.3442622950819672,27.7878189577216,16,1399,183,0.08743169398907104,35.534880001693345,Best-2,23
0.89277,944.8744444444444,60,920,183,0.32786885245901637,23.36818413263608,12,967,183,0.06557377049180328,24.561993539412054,Best-2,23
0.92148,944.8744444444444,57,825,183,0.3114754098360656,20.955165118939963,10,614,183,0.0546448087431694,15.595722888520168,Best-2,23
0.94251,944.8744444444444,49,715,183,0.2677595628415301,18.1611431030813,6,430,183,0.03278688524590164,10.922086061992951,Best-2,23
0.9579,944.8744444444444,43,551,183,0.23497267759562843,13.995510279437479,5,289,183,0.0273224043715847,7.34065784166503,Best-2,23
0.96918,944.8744444444444,36,414,183,0.19672131147540983,10.515682859686237,5,186,183,0.0273224043715847,4.724437226815556,Best-2,23
0.97743,944.8744444444444,28,285,183,0.15300546448087432,7.239057041088351,4,92,183,0.02185792349726776,2.3368184132636083,Best-2,23
0.98347,944.8744444444444,25,202,183,0.1366120218579235,5.13084042912227,4,45,183,0.02185792349726776,1.1430090064876344,Best-2,23
0.9879,944.8744444444444,24,172,183,0.13114754098360656,4.36883442479718,4,27,183,0.02185792349726776,0.6858054038925807,Best-2,23
0.99114,944.8744444444444,20,136,183,0.1092896174863388,3.454427219607073,4,16,183,0.02185792349726776,0.40640320230671445,Best-2,23
0.99351,944.8744444444444,15,82,183,0.08196721311475409,2.0828164118219115,3,8,183,0.01639344262295082,0.20320160115335723,Best-2,23
0.99525,944.8744444444444,15,82,183,0.08196721311475409,2.0828164118219115,3,8,183,0.01639344262295082,0.20320160115335723,Best-2,23
0.99652,944.8744444444444,15,82,183,0.08196721311475409,2.0828164118219115,3,8,183,0.01639344262295082,0.20320160115335723,Best-2,23
0.99745,944.8744444444444,11,46,183,0.060109289617486336,1.1684092066318041,0,6,183,0.0,0.15240120086501793,Best-2,23
0.99813,944.8744444444444,11,46,183,0.060109289617486336,1.1684092066318041,0,6,183,0.0,0.15240120086501793,Best-2,23
0.99863,944.8744444444444,11,46,183,0.060109289617486336,1.1684092066318041,0,6,183,0.0,0.15240120086501793,Best-2,23
0.999,944.8744444444444,11,46,183,0.060109289617486336,1.1684092066318041,0,6,183,0.0,0.15240120086501793,Best-2,23
0.0005,945.4522222222222,183,11156,183,1.0,283.19146510723266,181,16328,183,0.9890710382513661,414.4810184896822,Glass-2,23
0.00075,945.4522222222222,183,11156,183,1.0,283.19146510723266,181,16328,183,0.9890710382513661,414.4810184896822,Glass-2,23
0.00113,945.4522222222222,183,11156,183,1.0,283.19146510723266,181,16328,183,0.9890710382513661,414.4810184896822,Glass-2,23
0.00171,945.4522222222222,183,11156,183,1.0,283.19146510723266,181,16328,183,0.9890710382513661,414.4810184896822,Glass-2,23
0.00258,945.4522222222222,183,11156,183,1.0,283.19146510723266,181,16328,183,0.9890710382513661,414.4810184896822,Glass-2,23
0.00388,945.4522222222222,183,11213,183,1.0,284.6383917396378,180,17911,183,0.9836065573770492,454.664963386128,Glass-2,23
0.00585,945.4522222222222,183,11213,183,1.0,284.6383917396378,180,17911,183,0.9836065573770492,454.664963386128,Glass-2,23
0.00881,945.4522222222222,183,11282,183,1.0,286.389934505181,177,18840,183,0.9672131147540983,478.2473290265564,Glass-2,23
0.01327,945.4522222222222,183,11301,183,1.0,286.87224338264934,178,19560,183,0.9726775956284153,496.5242970148324,Glass-2,23
0.02,945.4522222222222,183,11290,183,1.0,286.5930119272729,175,20556,183,0.9562841530054644,521.807436065281,Glass-2,23
0.05111,945.4522222222222,182,11064,183,0.994535519125683,280.85607475317516,157,23856,183,0.8579234972677595,605.5768726782128,Glass-2,23
0.08222,945.4522222222222,180,10841,183,0.9836065573770492,275.19529161236187,134,20916,183,0.73224043715847,530.945920059419,Glass-2,23
0.11333,945.4522222222222,179,10600,183,0.9781420765027322,269.0775842718417,119,17407,183,0.6502732240437158,441.87108579433476,Glass-2,23
0.14444,945.4522222222222,172,10229,183,0.9398907103825137,259.65986882232727,98,14547,183,0.5355191256830601,369.2709073964605,Glass-2,23
0.17556,945.4522222222222,170,9628,183,0.9289617486338798,244.40367748766906,88,12813,183,0.4808743169398907,325.253876158029,Glass-2,23
0.20667,945.4522222222222,164,8774,183,0.8961748633879781,222.72516267935274,79,11101,183,0.43169398907103823,281.79530783035045,Glass-2,23
0.23778,945.4522222222222,160,8072,183,0.8743169398907104,204.9051188907836,76,9792,183,0.41530054644808745,248.56676464055414,Glass-2,23
0.26889,945.4522222222222,153,7408,183,0.8360655737704918,188.04969285715126,68,8715,183,0.37158469945355194,221.22746669142458,Glass-2,23
0.3,945.4522222222222,145,6813,183,0.7923497267759563,172.94580958906204,61,7805,183,0.3333333333333333,198.12740992846457,Glass-2,23
0.37143,945.4522222222222,139,5527,183,0.7595628415300546,140.3011139877801,50,6200,183,0.273224043715847,157.3850021212659,Glass-2,23
0.44286,945.4522222222222,127,4559,183,0.6939890710382514,115.72874591465343,44,5151,183,0.24043715846994534,130.75647514945817,Glass-2,23
0.51429,945.4522222222222,112,3823,183,0.6120218579234973,97.04562308219347,36,4438,183,0.19672131147540983,112.6571999055126,Glass-2,23
0.58571,945.4522222222222,99,3292,183,0.5409836065573771,83.56635919083989,31,3880,183,0.16939890710382513,98.49254971459867,Glass-2,23
0.65714,945.4522222222222,90,2717,183,0.4918032786885246,68.97016947798056,27,3201,183,0.14754098360655737,81.25635351454389,Glass-2,23
0.72857,945.4522222222222,81,2219,183,0.4426229508196721,56.3285999527563,22,2334,183,0.12021857923497267,59.24783789532816,Glass-2,23
0.8,945.4522222222222,72,1733,183,0.39344262295081966,43.99164656066997,11,1401,183,0.060109289617486336,35.56393354385379,Glass-2,23
0.85355,945.4522222222222,65,1365,183,0.3551912568306011,34.65008514443999,8,744,183,0.04371584699453552,18.88620025455191,Glass-2,23
0.89277,945.4522222222222,60,1075,183,0.32786885245901637,27.28852859360659,7,431,183,0.03825136612021858,10.94079611520413,Glass-2,23
0.92148,945.4522222222222,52,810,183,0.28415300546448086,20.561588986810545,5,218,183,0.0273224043715847,5.533859752005801,Glass-2,23
0.94251,945.4522222222222,43,618,183,0.23497267759562843,15.6877308566036,4,129,183,0.02185792349726776,3.2746234312327904,Glass-2,23
0.9579,945.4522222222222,30,434,183,0.16393442622950818,11.016950148488613,4,76,183,0.02185792349726776,1.929235509873582,Glass-2,23
0.96918,945.4522222222222,22,313,183,0.12021857923497267,7.945404139347779,4,46,183,0.02185792349726776,1.167695177028747,Glass-2,23
0.97743,945.4522222222222,16,206,183,0.08743169398907104,5.2292436188678675,2,31,183,0.01092896174863388,0.7869250106063295,Glass-2,23
0.98347,945.4522222222222,13,134,183,0.07103825136612021,3.401546820040263,2,19,183,0.01092896174863388,0.4823088774683955,Glass-2,23
0.9879,945.4522222222222,10,96,183,0.0546448087431694,2.436929065103472,2,16,183,0.01092896174863388,0.406154844183912,Glass-2,23
0.99114,945.4522222222222,9,64,183,0.04918032786885246,1.624619376735648,2,13,183,0.01092896174863388,0.3300008108994285,Glass-2,23
0.99351,945.4522222222222,7,40,183,0.03825136612021858,1.01538711045978,2,10,183,0.01092896174863388,0.253846777614945,Glass-2,23
0.99525,945.4522222222222,7,40,183,0.03825136612021858,1.01538711045978,2,10,183,0.01092896174863388,0.253846777614945,Glass-2,23
0.99652,945.4522222222222,7,40,183,0.03825136612021858,1.01538711045978,2,10,183,0.01092896174863388,0.253846777614945,Glass-2,23
0.99745,945.4522222222222,5,17,183,0.0273224043715847,0.4315395219454065,1,5,183,0.00546448087431694,0.1269233888074725,Glass-2,23
0.99813,945.4522222222222,5,17,183,0.0273224043715847,0.4315395219454065,1,5,183,0.00546448087431694,0.1269233888074725,Glass-2,23
0.99863,945.4522222222222,5,17,183,0.0273224043715847,0.4315395219454065,1,5,183,0.00546448087431694,0.1269233888074725,Glass-2,23
0.999,945.4522222222222,5,17,183,0.0273224043715847,0.4315395219454065,1,5,183,0.00546448087431694,0.1269233888074725,Glass-2,23
